layer,arm_a,arm_b,n,d_acts,d_acts_p,d_floor,d_floor_p,gain,gain_lo,gain_hi,gain_p,clears,in_window
emb,enact,report,24,0.054,0.001,0.054,0.0008,0.0,0.0,0.0,1.0,0,0
emb,enact,exit,24,-0.2317,0.0,-0.2317,0.0,0.0,0.0,0.0,1.0,0,0
emb,enact,true,24,-0.1504,0.02,-0.1504,0.015,0.0,0.0,0.0,1.0,0,0
emb,enact,neutral,24,0.2406,0.0128,0.2406,0.0118,0.0,0.0,0.0,1.0,0,0
emb,report,exit,24,-0.2856,0.0,-0.2856,0.0,0.0,0.0,0.0,1.0,0,0
emb,report,neutral,24,0.1866,0.0356,0.1866,0.0364,0.0,0.0,0.0,1.0,0,0
emb,exit,neutral,24,0.4722,0.0,0.4722,0.0,0.0,0.0,0.0,1.0,0,0
emb,true,neutral,24,0.391,0.0,0.391,0.0,0.0,0.0,0.0,1.0,0,0
emb,enact,enact_norecord,24,-0.4973,0.0008,-0.4973,0.0006,0.0,0.0,0.0,1.0,0,0
emb,enact_norecord,neutral,24,0.7379,0.0008,0.7379,0.0,0.0,0.0,0.0,1.0,0,0
0,enact,report,24,-0.2095,0.0,0.054,0.0016,-0.2634,-0.1212,0.1212,0.0,1,0
0,enact,exit,24,-0.8123,0.0,-0.2317,0.0,-0.5807,-0.25,0.2479,0.0,1,0
0,enact,true,24,-0.203,0.0108,-0.1504,0.0152,-0.0526,-0.1281,0.1264,0.4312,0,0
0,enact,neutral,24,0.5978,0.0,0.2406,0.009,0.3572,-0.1975,0.1993,0.0,1,0
0,report,exit,24,-0.6029,0.0,-0.2856,0.0,-0.3172,-0.158,0.1638,0.0,1,0
0,report,neutral,24,0.8072,0.0,0.1866,0.0362,0.6206,-0.2889,0.2867,0.0,1,0
0,exit,neutral,24,1.4101,0.0,0.4722,0.0,0.9379,-0.411,0.3997,0.0,1,0
0,true,neutral,24,0.8008,0.0,0.391,0.0,0.4098,-0.1982,0.205,0.0,1,0
0,enact,enact_norecord,24,-0.6556,0.0,-0.4973,0.0,-0.1583,-0.2418,0.2452,0.2134,0,0
0,enact_norecord,neutral,24,1.2534,0.0,0.7379,0.0004,0.5155,-0.3618,0.366,0.0038,1,0
1,enact,report,24,-0.2311,0.0016,0.054,0.0002,-0.285,-0.1602,0.1656,0.0002,1,0
1,enact,exit,24,-0.7791,0.0,-0.2317,0.0,-0.5474,-0.2503,0.2477,0.0,1,0
1,enact,true,24,-0.2111,0.006,-0.1504,0.014,-0.0606,-0.1163,0.1148,0.3194,0,0
1,enact,neutral,24,0.4725,0.0,0.2406,0.0102,0.2319,-0.1686,0.1673,0.003,1,0
1,report,exit,24,-0.5481,0.0,-0.2856,0.0,-0.2624,-0.1429,0.1478,0.0,1,0
1,report,neutral,24,0.7035,0.0,0.1866,0.032,0.5169,-0.2849,0.2872,0.0,1,0
1,exit,neutral,24,1.2516,0.0,0.4722,0.0,0.7793,-0.3587,0.3704,0.0,1,0
1,true,neutral,24,0.6835,0.0,0.391,0.0002,0.2925,-0.1973,0.1933,0.0014,1,0
1,enact,enact_norecord,24,-0.1836,0.0888,-0.4973,0.0006,0.3138,-0.2849,0.285,0.0312,1,0
1,enact_norecord,neutral,24,0.656,0.0,0.7379,0.0008,-0.0819,-0.3371,0.3277,0.6424,0,0
2,enact,report,24,-0.0763,0.2274,0.054,0.0004,-0.1302,-0.1219,0.1194,0.0376,1,0
2,enact,exit,24,-0.7279,0.0,-0.2317,0.0,-0.4963,-0.2309,0.2264,0.0,1,0
2,enact,true,24,-0.1116,0.1264,-0.1504,0.0138,0.0389,-0.118,0.1213,0.535,0,0
2,enact,neutral,24,0.3628,0.0006,0.2406,0.0112,0.1222,-0.1574,0.1559,0.144,0,0
2,report,exit,24,-0.6517,0.0,-0.2856,0.0,-0.366,-0.1765,0.1791,0.0,1,0
2,report,neutral,24,0.4391,0.0004,0.1866,0.0344,0.2525,-0.2091,0.2178,0.0186,1,0
2,exit,neutral,24,1.0907,0.0,0.4722,0.0,0.6185,-0.3259,0.3178,0.0,1,0
2,true,neutral,24,0.4743,0.0002,0.391,0.0,0.0833,-0.145,0.1452,0.2874,0,0
2,enact,enact_norecord,24,-1.0298,0.0,-0.4973,0.0004,-0.5325,-0.321,0.3251,0.0008,1,0
2,enact_norecord,neutral,24,1.3926,0.0,0.7379,0.0004,0.6547,-0.4344,0.4329,0.0004,1,0
3,enact,report,24,-0.0776,0.198,0.054,0.0006,-0.1316,-0.1194,0.1226,0.0336,1,0
3,enact,exit,24,-0.7146,0.0,-0.2317,0.0,-0.4829,-0.2177,0.2193,0.0,1,0
3,enact,true,24,-0.073,0.3192,-0.1504,0.0122,0.0774,-0.1275,0.125,0.2478,0,0
3,enact,neutral,24,0.3599,0.0004,0.2406,0.0104,0.1194,-0.157,0.1586,0.139,0,0
3,report,exit,24,-0.637,0.0,-0.2856,0.0,-0.3514,-0.1657,0.1707,0.0,1,0
3,report,neutral,24,0.4375,0.0002,0.1866,0.0342,0.2509,-0.1972,0.1986,0.0102,1,0
3,exit,neutral,24,1.0745,0.0,0.4722,0.0,0.6023,-0.3126,0.3166,0.0002,1,0
3,true,neutral,24,0.4329,0.0006,0.391,0.0,0.0419,-0.1562,0.1575,0.6236,0,0
3,enact,enact_norecord,24,-1.2406,0.0,-0.4973,0.0008,-0.7433,-0.4058,0.4014,0.0,1,0
3,enact_norecord,neutral,24,1.6005,0.0,0.7379,0.0004,0.8627,-0.4955,0.5004,0.0002,1,0
4,enact,report,24,0.1038,0.0478,0.054,0.0004,0.0498,-0.089,0.0922,0.2864,0,0
4,enact,exit,24,-1.3585,0.0,-0.2317,0.0,-1.1268,-0.4884,0.4944,0.0,1,0
4,enact,true,24,-0.2743,0.0004,-0.1504,0.0164,-0.1239,-0.1193,0.1223,0.044,1,0
4,enact,neutral,24,0.3663,0.001,0.2406,0.0104,0.1257,-0.1511,0.1526,0.1086,0,0
4,report,exit,24,-1.4623,0.0,-0.2856,0.0,-1.1766,-0.4975,0.4832,0.0,1,0
4,report,neutral,24,0.2625,0.0148,0.1866,0.0338,0.0759,-0.1559,0.158,0.3512,0,0
4,exit,neutral,24,1.7248,0.0,0.4722,0.0,1.2525,-0.5583,0.5445,0.0,1,0
4,true,neutral,24,0.6406,0.0,0.391,0.0,0.2496,-0.1474,0.1436,0.0002,1,0
4,enact,enact_norecord,24,-0.7488,0.0,-0.4973,0.0006,-0.2515,-0.2843,0.295,0.0976,0,0
4,enact_norecord,neutral,24,1.1151,0.0,0.7379,0.0004,0.3772,-0.3448,0.3508,0.0302,1,0
5,enact,report,24,0.2581,0.0,0.054,0.001,0.2041,-0.0965,0.1031,0.0,1,0
5,enact,exit,24,-0.9364,0.0,-0.2317,0.0,-0.7047,-0.3168,0.3119,0.0,1,0
5,enact,true,24,-0.1419,0.0058,-0.1504,0.0132,0.0086,-0.1002,0.1027,0.8682,0,0
5,enact,neutral,24,0.2904,0.0016,0.2406,0.0112,0.0499,-0.1573,0.1524,0.542,0,0
5,report,exit,24,-1.1945,0.0,-0.2856,0.0,-0.9089,-0.3895,0.3863,0.0,1,0
5,report,neutral,24,0.0323,0.6774,0.1866,0.0316,-0.1543,-0.1703,0.1628,0.0698,0,0
5,exit,neutral,24,1.2268,0.0,0.4722,0.0002,0.7546,-0.3724,0.3814,0.0,1,0
5,true,neutral,24,0.4323,0.0,0.391,0.0,0.0413,-0.1228,0.1132,0.5278,0,0
5,enact,enact_norecord,24,-0.7421,0.0,-0.4973,0.0008,-0.2448,-0.2929,0.2901,0.1062,0,0
5,enact_norecord,neutral,24,1.0325,0.0,0.7379,0.0004,0.2946,-0.3483,0.3574,0.1048,0,0
6,enact,report,24,0.0258,0.3946,0.054,0.0008,-0.0282,-0.0551,0.0566,0.3306,0,0
6,enact,exit,24,-0.8764,0.0,-0.2317,0.0,-0.6447,-0.2817,0.2844,0.0,1,0
6,enact,true,24,-0.1528,0.0142,-0.1504,0.0152,-0.0024,-0.1082,0.1043,0.9658,0,0
6,enact,neutral,24,0.3262,0.0,0.2406,0.0102,0.0856,-0.1389,0.1383,0.2336,0,0
6,report,exit,24,-0.9022,0.0,-0.2856,0.0,-0.6165,-0.2615,0.266,0.0,1,0
6,report,neutral,24,0.3004,0.0004,0.1866,0.0384,0.1138,-0.1426,0.1453,0.1258,0,0
6,exit,neutral,24,1.2026,0.0,0.4722,0.0,0.7303,-0.36,0.3531,0.0,1,0
6,true,neutral,24,0.479,0.0,0.391,0.0,0.088,-0.1109,0.1099,0.135,0,0
6,enact,enact_norecord,24,-0.363,0.0,-0.4973,0.0012,0.1343,-0.2519,0.2561,0.316,0,0
6,enact_norecord,neutral,24,0.6892,0.0,0.7379,0.0004,-0.0487,-0.2973,0.2863,0.7574,0,0
7,enact,report,24,0.0428,0.1474,0.054,0.0006,-0.0112,-0.0542,0.0523,0.69,0,0
7,enact,exit,24,-0.4235,0.0,-0.2317,0.0,-0.1918,-0.1069,0.1077,0.0,1,0
7,enact,true,24,-0.1228,0.0136,-0.1504,0.0204,0.0276,-0.1219,0.1246,0.6574,0,0
7,enact,neutral,24,0.077,0.269,0.2406,0.0084,-0.1636,-0.1804,0.1835,0.082,0,0
7,report,exit,24,-0.4663,0.0,-0.2856,0.0,-0.1807,-0.1108,0.1129,0.0012,1,0
7,report,neutral,24,0.0342,0.5924,0.1866,0.0364,-0.1524,-0.1606,0.1681,0.0698,0,0
7,exit,neutral,24,0.5005,0.0,0.4722,0.0,0.0283,-0.2101,0.212,0.7992,0,0
7,true,neutral,24,0.1998,0.0064,0.391,0.0,-0.1912,-0.1468,0.1503,0.0076,1,0
7,enact,enact_norecord,24,-0.1937,0.007,-0.4973,0.0008,0.3037,-0.2734,0.2829,0.0322,1,0
7,enact_norecord,neutral,24,0.2707,0.007,0.7379,0.0,-0.4672,-0.3587,0.3499,0.0088,1,0
8,enact,report,24,0.1566,0.0,0.054,0.0008,0.1027,-0.0639,0.0657,0.0006,1,0
8,enact,exit,24,-0.793,0.0,-0.2317,0.0,-0.5614,-0.2539,0.2476,0.0,1,0
8,enact,true,24,-0.2889,0.0,-0.1504,0.0158,-0.1384,-0.1197,0.1224,0.023,1,0
8,enact,neutral,24,0.2843,0.0002,0.2406,0.0098,0.0437,-0.1605,0.1585,0.6054,0,0
8,report,exit,24,-0.9497,0.0,-0.2856,0.0,-0.664,-0.2909,0.2883,0.0,1,0
8,report,neutral,24,0.1276,0.0882,0.1866,0.032,-0.059,-0.162,0.166,0.4876,0,0
8,exit,neutral,24,1.0773,0.0,0.4722,0.0,0.6051,-0.3223,0.3363,0.0,1,0
8,true,neutral,24,0.5731,0.0,0.391,0.0,0.1821,-0.1582,0.1541,0.0182,1,0
8,enact,enact_norecord,24,0.1666,0.0154,-0.4973,0.0004,0.6639,-0.3789,0.3737,0.0,1,0
8,enact_norecord,neutral,24,0.1177,0.1192,0.7379,0.0,-0.6202,-0.3835,0.3803,0.0006,1,0
9,enact,report,24,-0.1033,0.0174,0.054,0.0008,-0.1573,-0.0984,0.0997,0.0002,1,0
9,enact,exit,24,-0.7374,0.0,-0.2317,0.0,-0.5057,-0.2249,0.2186,0.0,1,0
9,enact,true,24,-0.0856,0.1066,-0.1504,0.0164,0.0649,-0.1256,0.1228,0.3084,0,0
9,enact,neutral,24,0.2849,0.0,0.2406,0.0102,0.0444,-0.1755,0.1804,0.665,0,0
9,report,exit,24,-0.6341,0.0,-0.2856,0.0,-0.3485,-0.1742,0.1738,0.0,1,0
9,report,neutral,24,0.3882,0.0,0.1866,0.0338,0.2016,-0.219,0.2189,0.076,0,0
9,exit,neutral,24,1.0223,0.0,0.4722,0.0,0.5501,-0.2895,0.2878,0.0,1,0
9,true,neutral,24,0.3705,0.0,0.391,0.0,-0.0205,-0.1572,0.1625,0.8184,0,0
9,enact,enact_norecord,24,-0.2596,0.0014,-0.4973,0.0012,0.2377,-0.2662,0.2717,0.0906,0,0
9,enact_norecord,neutral,24,0.5445,0.0,0.7379,0.0,-0.1933,-0.3479,0.347,0.2846,0,0
10,enact,report,24,0.1281,0.0,0.054,0.0006,0.0741,-0.0502,0.0501,0.0018,1,1
10,enact,exit,24,-0.5194,0.0,-0.2317,0.0,-0.2877,-0.1378,0.1431,0.0,1,1
10,enact,true,24,-0.1591,0.0004,-0.1504,0.0148,-0.0086,-0.1091,0.1127,0.8822,0,1
10,enact,neutral,24,0.3772,0.0,0.2406,0.0092,0.1366,-0.1804,0.1841,0.1502,0,1
10,report,exit,24,-0.6474,0.0,-0.2856,0.0,-0.3618,-0.173,0.1734,0.0,1,1
10,report,neutral,24,0.2491,0.0,0.1866,0.0372,0.0625,-0.1598,0.1613,0.4714,0,1
10,exit,neutral,24,0.8966,0.0,0.4722,0.0,0.4243,-0.2477,0.2508,0.0002,1,1
10,true,neutral,24,0.5363,0.0,0.391,0.0,0.1453,-0.1479,0.1503,0.0584,0,1
10,enact,enact_norecord,24,-0.1595,0.007,-0.4973,0.0002,0.3378,-0.2812,0.2787,0.0156,1,1
10,enact_norecord,neutral,24,0.5367,0.0,0.7379,0.0006,-0.2012,-0.3402,0.3306,0.244,0,1
11,enact,report,24,0.1003,0.0178,0.054,0.0008,0.0464,-0.0668,0.0647,0.1754,0,1
11,enact,exit,24,-0.6844,0.0,-0.2317,0.0,-0.4527,-0.235,0.2262,0.0,1,1
11,enact,true,24,-0.1506,0.0004,-0.1504,0.013,-0.0001,-0.1221,0.1286,0.9986,0,1
11,enact,neutral,24,0.3899,0.0,0.2406,0.0082,0.1493,-0.1697,0.1722,0.0962,0,1
11,report,exit,24,-0.7847,0.0,-0.2856,0.0,-0.4991,-0.2324,0.2381,0.0,1,1
11,report,neutral,24,0.2896,0.0,0.1866,0.0282,0.103,-0.1755,0.1703,0.2496,0,1
11,exit,neutral,24,1.0743,0.0,0.4722,0.0,0.602,-0.3471,0.34,0.0,1,1
11,true,neutral,24,0.5405,0.0,0.391,0.0,0.1495,-0.1373,0.1336,0.03,1,1
11,enact,enact_norecord,24,-0.0867,0.1904,-0.4973,0.0002,0.4106,-0.2852,0.285,0.0034,1,1
11,enact_norecord,neutral,24,0.4766,0.0002,0.7379,0.0,-0.2612,-0.3365,0.3342,0.131,0,1
12,enact,report,24,0.0223,0.501,0.054,0.0006,-0.0316,-0.0632,0.0626,0.3452,0,1
12,enact,exit,24,-0.8269,0.0,-0.2317,0.0,-0.5952,-0.2609,0.2567,0.0,1,1
12,enact,true,24,-0.1601,0.0004,-0.1504,0.013,-0.0097,-0.1535,0.1422,0.8974,0,1
12,enact,neutral,24,0.4085,0.0,0.2406,0.012,0.168,-0.1748,0.169,0.056,0,1
12,report,exit,24,-0.8493,0.0,-0.2856,0.0,-0.5636,-0.2475,0.2514,0.0,1,1
12,report,neutral,24,0.3862,0.0,0.1866,0.0324,0.1996,-0.1689,0.1697,0.0166,1,1
12,exit,neutral,24,1.2354,0.0,0.4722,0.0002,0.7632,-0.3663,0.3707,0.0,1,1
12,true,neutral,24,0.5687,0.0,0.391,0.0,0.1777,-0.1511,0.1542,0.021,1,1
12,enact,enact_norecord,24,0.0024,0.9694,-0.4973,0.001,0.4998,-0.3307,0.3195,0.0026,1,1
12,enact_norecord,neutral,24,0.4061,0.0,0.7379,0.0006,-0.3318,-0.3668,0.3538,0.0686,0,1
13,enact,report,24,-0.0731,0.0328,0.054,0.0008,-0.1271,-0.0846,0.0825,0.001,1,1
13,enact,exit,24,-1.1254,0.0,-0.2317,0.0,-0.8937,-0.3865,0.3778,0.0,1,1
13,enact,true,24,-0.2142,0.0002,-0.1504,0.0164,-0.0638,-0.1498,0.1504,0.4178,0,1
13,enact,neutral,24,0.4844,0.0,0.2406,0.0102,0.2438,-0.1912,0.1893,0.0088,1,1
13,report,exit,24,-1.0523,0.0,-0.2856,0.0,-0.7666,-0.3283,0.3176,0.0,1,1
13,report,neutral,24,0.5575,0.0,0.1866,0.0374,0.3709,-0.2269,0.2266,0.0002,1,1
13,exit,neutral,24,1.6098,0.0,0.4722,0.0002,1.1376,-0.4987,0.5062,0.0,1,1
13,true,neutral,24,0.6986,0.0,0.391,0.0,0.3076,-0.2162,0.2142,0.0046,1,1
13,enact,enact_norecord,24,0.4726,0.0,-0.4973,0.0008,0.9699,-0.503,0.5007,0.0,1,1
13,enact_norecord,neutral,24,0.0118,0.8948,0.7379,0.0006,-0.7261,-0.4796,0.4924,0.0014,1,1
14,enact,report,24,-0.1628,0.004,0.054,0.0006,-0.2167,-0.1314,0.1294,0.0,1,1
14,enact,exit,24,-0.7826,0.0,-0.2317,0.0,-0.5509,-0.2535,0.2509,0.0,1,1
14,enact,true,24,-0.1878,0.0,-0.1504,0.012,-0.0373,-0.1329,0.1367,0.5964,0,1
14,enact,neutral,24,0.4502,0.0,0.2406,0.0112,0.2096,-0.183,0.1868,0.0268,1,1
14,report,exit,24,-0.6198,0.0,-0.2856,0.0,-0.3342,-0.177,0.1709,0.0,1,1
14,report,neutral,24,0.6129,0.0,0.1866,0.0358,0.4263,-0.2721,0.2722,0.0008,1,1
14,exit,neutral,24,1.2328,0.0,0.4722,0.0,0.7605,-0.3654,0.3506,0.0,1,1
14,true,neutral,24,0.6379,0.0,0.391,0.0002,0.2469,-0.2026,0.203,0.0158,1,1
14,enact,enact_norecord,24,0.557,0.0,-0.4973,0.0004,1.0544,-0.5102,0.5068,0.0,1,1
14,enact_norecord,neutral,24,-0.1069,0.1992,0.7379,0.0006,-0.8447,-0.4801,0.4609,0.0004,1,1
15,enact,report,24,-0.1177,0.0648,0.054,0.0006,-0.1717,-0.1422,0.147,0.016,1,1
15,enact,exit,24,-0.6085,0.0,-0.2317,0.0,-0.3768,-0.1939,0.185,0.0,1,1
15,enact,true,24,-0.0933,0.051,-0.1504,0.015,0.0572,-0.1451,0.1511,0.4752,0,1
15,enact,neutral,24,0.4217,0.0002,0.2406,0.0116,0.1812,-0.1698,0.1768,0.0396,1,1
15,report,exit,24,-0.4908,0.0,-0.2856,0.0,-0.2051,-0.178,0.1801,0.0242,1,1
15,report,neutral,24,0.5395,0.0,0.1866,0.0286,0.3529,-0.2518,0.2514,0.0028,1,1
15,exit,neutral,24,1.0302,0.0,0.4722,0.0,0.558,-0.3019,0.2905,0.0,1,1
15,true,neutral,24,0.515,0.0,0.391,0.0,0.124,-0.2036,0.2151,0.257,0,1
15,enact,enact_norecord,24,0.6826,0.0,-0.4973,0.0004,1.1799,-0.5816,0.5876,0.0,1,1
15,enact_norecord,neutral,24,-0.2608,0.0454,0.7379,0.0002,-0.9987,-0.5464,0.5388,0.0,1,1
16,enact,report,24,-0.3237,0.0,0.054,0.0006,-0.3777,-0.1941,0.1842,0.0,1,1
16,enact,exit,24,-1.3788,0.0,-0.2317,0.0,-1.1471,-0.4926,0.4788,0.0,1,1
16,enact,true,24,-0.298,0.0,-0.1504,0.016,-0.1476,-0.1857,0.1853,0.1234,0,1
16,enact,neutral,24,0.502,0.0,0.2406,0.0102,0.2614,-0.2106,0.2108,0.014,1,1
16,report,exit,24,-1.0551,0.0,-0.2856,0.0,-0.7694,-0.3553,0.356,0.0,1,1
16,report,neutral,24,0.8257,0.0,0.1866,0.0332,0.6391,-0.3564,0.3565,0.0,1,1
16,exit,neutral,24,1.8807,0.0,0.4722,0.0,1.4085,-0.6179,0.6356,0.0,1,1
16,true,neutral,24,0.8,0.0,0.391,0.0,0.409,-0.2529,0.261,0.0002,1,1
16,enact,enact_norecord,24,0.4855,0.0006,-0.4973,0.0006,0.9828,-0.5414,0.525,0.0,1,1
16,enact_norecord,neutral,24,0.0164,0.8962,0.7379,0.0002,-0.7214,-0.4982,0.4907,0.0026,1,1
17,enact,report,24,-0.422,0.0,0.054,0.0002,-0.476,-0.2192,0.2218,0.0,1,1
17,enact,exit,24,-1.1429,0.0,-0.2317,0.0,-0.9112,-0.3817,0.3914,0.0,1,1
17,enact,true,24,-0.1758,0.0318,-0.1504,0.0116,-0.0254,-0.1886,0.184,0.807,0,1
17,enact,neutral,24,0.8022,0.0,0.2406,0.0106,0.5616,-0.2862,0.2898,0.0,1,1
17,report,exit,24,-0.7209,0.0,-0.2856,0.0,-0.4353,-0.2272,0.2299,0.0,1,1
17,report,neutral,24,1.2242,0.0,0.1866,0.0326,1.0376,-0.4863,0.4913,0.0,1,1
17,exit,neutral,24,1.9451,0.0,0.4722,0.0,1.4728,-0.6278,0.6267,0.0,1,1
17,true,neutral,24,0.978,0.0,0.391,0.0,0.587,-0.3225,0.3232,0.0002,1,1
17,enact,enact_norecord,24,0.7888,0.0,-0.4973,0.0008,1.2861,-0.6118,0.6133,0.0,1,1
17,enact_norecord,neutral,24,0.0134,0.9006,0.7379,0.0004,-0.7245,-0.4676,0.4673,0.0014,1,1
18,enact,report,24,-0.5826,0.0,0.054,0.0008,-0.6366,-0.2787,0.277,0.0,1,0
18,enact,exit,24,-0.9486,0.0,-0.2317,0.0,-0.7169,-0.3248,0.3142,0.0,1,0
18,enact,true,24,-0.0189,0.806,-0.1504,0.0146,0.1315,-0.199,0.2025,0.2026,0,0
18,enact,neutral,24,0.7122,0.0,0.2406,0.0102,0.4717,-0.3089,0.3118,0.002,1,0
18,report,exit,24,-0.366,0.0002,-0.2856,0.0,-0.0804,-0.1318,0.1308,0.2428,0,0
18,report,neutral,24,1.2949,0.0,0.1866,0.031,1.1083,-0.5349,0.5276,0.0,1,0
18,exit,neutral,24,1.6609,0.0,0.4722,0.0,1.1886,-0.5657,0.5771,0.0,1,0
18,true,neutral,24,0.7311,0.0,0.391,0.0,0.3402,-0.2851,0.281,0.016,1,0
18,enact,enact_norecord,24,0.5077,0.0,-0.4973,0.0002,1.0051,-0.5153,0.507,0.0,1,0
18,enact_norecord,neutral,24,0.2045,0.0866,0.7379,0.0008,-0.5334,-0.4361,0.4296,0.0152,1,0
19,enact,report,24,-0.6516,0.0,0.054,0.0004,-0.7055,-0.3184,0.3187,0.0,1,0
19,enact,exit,24,-0.502,0.0,-0.2317,0.0,-0.2703,-0.1839,0.1797,0.002,1,0
19,enact,true,24,-0.1375,0.115,-0.1504,0.017,0.0129,-0.1894,0.188,0.8868,0,0
19,enact,neutral,24,0.7174,0.0,0.2406,0.0098,0.4769,-0.283,0.2917,0.0,1,0
19,report,exit,24,0.1496,0.0212,-0.2856,0.0,0.4352,-0.2057,0.2056,0.0,1,0
19,report,neutral,24,1.369,0.0,0.1866,0.0324,1.1824,-0.5469,0.5464,0.0,1,0
19,exit,neutral,24,1.2194,0.0,0.4722,0.0,0.7471,-0.3791,0.3921,0.0,1,0
19,true,neutral,24,0.855,0.0,0.391,0.0,0.464,-0.2914,0.2974,0.0004,1,0
19,enact,enact_norecord,24,0.7411,0.0,-0.4973,0.0008,1.2385,-0.6058,0.6206,0.0,1,0
19,enact_norecord,neutral,24,-0.0237,0.8424,0.7379,0.0002,-0.7616,-0.4809,0.4583,0.0006,1,0
20,enact,report,24,-0.4519,0.0,0.054,0.0006,-0.5058,-0.239,0.2467,0.0,1,0
20,enact,exit,24,-0.4432,0.0,-0.2317,0.0,-0.2116,-0.1826,0.1826,0.0216,1,0
20,enact,true,24,-0.0301,0.7664,-0.1504,0.015,0.1203,-0.2358,0.2336,0.32,0,0
20,enact,neutral,24,0.825,0.0,0.2406,0.0084,0.5845,-0.3086,0.3081,0.0,1,0
20,report,exit,24,0.0086,0.9068,-0.2856,0.0,0.2943,-0.1761,0.1735,0.0002,1,0
20,report,neutral,24,1.2769,0.0,0.1866,0.0318,1.0903,-0.4741,0.4618,0.0,1,0
20,exit,neutral,24,1.2683,0.0,0.4722,0.0,0.7961,-0.382,0.3962,0.0,1,0
20,true,neutral,24,0.8552,0.0,0.391,0.0,0.4642,-0.2641,0.2831,0.0008,1,0
20,enact,enact_norecord,24,1.3176,0.0,-0.4973,0.0002,1.8149,-0.7879,0.7936,0.0,1,0
20,enact_norecord,neutral,24,-0.4925,0.0,0.7379,0.0,-1.2304,-0.5895,0.6045,0.0,1,0
21,enact,report,24,-0.1589,0.0562,0.054,0.0008,-0.2129,-0.1786,0.1801,0.0174,1,0
21,enact,exit,24,-0.5825,0.0,-0.2317,0.0,-0.3508,-0.183,0.1905,0.0,1,0
21,enact,true,24,0.189,0.0616,-0.1504,0.0146,0.3394,-0.2644,0.263,0.0114,1,0
21,enact,neutral,24,1.3178,0.0,0.2406,0.0102,1.0773,-0.5035,0.4938,0.0,1,0
21,report,exit,24,-0.4235,0.0,-0.2856,0.0,-0.1379,-0.1505,0.1461,0.0656,0,0
21,report,neutral,24,1.4767,0.0,0.1866,0.0328,1.2901,-0.5737,0.5806,0.0,1,0
21,exit,neutral,24,1.9003,0.0,0.4722,0.0002,1.428,-0.6165,0.6156,0.0,1,0
21,true,neutral,24,1.1288,0.0,0.391,0.0,0.7378,-0.3942,0.3946,0.0002,1,0
21,enact,enact_norecord,24,1.6,0.0,-0.4973,0.0002,2.0973,-0.8806,0.8916,0.0,1,0
21,enact_norecord,neutral,24,-0.2821,0.0138,0.7379,0.0002,-1.02,-0.5327,0.5468,0.0,1,0
22,enact,report,24,-0.2423,0.0096,0.054,0.0004,-0.2962,-0.1916,0.197,0.0018,1,0
22,enact,exit,24,-0.0036,0.9678,-0.2317,0.0,0.2281,-0.1813,0.1831,0.012,1,0
22,enact,true,24,0.4355,0.0,-0.1504,0.014,0.5859,-0.3197,0.3086,0.0,1,0
22,enact,neutral,24,0.7933,0.0,0.2406,0.0098,0.5527,-0.3078,0.3014,0.0,1,0
22,report,exit,24,0.2387,0.0192,-0.2856,0.0,0.5243,-0.2836,0.2759,0.0002,1,0
22,report,neutral,24,1.0356,0.0,0.1866,0.0348,0.849,-0.3893,0.3947,0.0,1,0
22,exit,neutral,24,0.7969,0.0,0.4722,0.0,0.3246,-0.2326,0.2326,0.0044,1,0
22,true,neutral,24,0.3578,0.0068,0.391,0.0,-0.0332,-0.2428,0.2423,0.7976,0,0
22,enact,enact_norecord,24,0.7104,0.0,-0.4973,0.0006,1.2077,-0.5458,0.5409,0.0,1,0
22,enact_norecord,neutral,24,0.0829,0.5074,0.7379,0.0004,-0.655,-0.4182,0.4151,0.0008,1,0
23,enact,report,24,-0.1865,0.0662,0.054,0.0014,-0.2404,-0.2127,0.2094,0.0228,1,0
23,enact,exit,24,-0.2979,0.0,-0.2317,0.0,-0.0663,-0.12,0.1196,0.2792,0,0
23,enact,true,24,0.6958,0.0,-0.1504,0.014,0.8462,-0.3838,0.3975,0.0,1,0
23,enact,neutral,24,1.5536,0.0,0.2406,0.0094,1.3131,-0.5953,0.5774,0.0,1,0
23,report,exit,24,-0.1115,0.2308,-0.2856,0.0,0.1742,-0.1823,0.1935,0.0694,0,0
23,report,neutral,24,1.7401,0.0,0.1866,0.0348,1.5535,-0.6763,0.6951,0.0,1,0
23,exit,neutral,24,1.8516,0.0,0.4722,0.0002,1.3793,-0.5849,0.5901,0.0,1,0
23,true,neutral,24,0.8579,0.0,0.391,0.0,0.4669,-0.3006,0.2968,0.0018,1,0
23,enact,enact_norecord,24,0.7611,0.0,-0.4973,0.0008,1.2584,-0.5566,0.5852,0.0,1,0
23,enact_norecord,neutral,24,0.7925,0.0,0.7379,0.0002,0.0547,-0.3275,0.3346,0.7694,0,0
24,enact,report,24,-0.312,0.003,0.054,0.0004,-0.3659,-0.23,0.2385,0.0012,1,0
24,enact,exit,24,-0.1506,0.0326,-0.2317,0.0,0.0811,-0.138,0.1337,0.263,0,0
24,enact,true,24,0.2521,0.0144,-0.1504,0.0116,0.4026,-0.2701,0.2793,0.0012,1,0
24,enact,neutral,24,0.9958,0.0,0.2406,0.0068,0.7552,-0.3941,0.3931,0.0,1,0
24,report,exit,24,0.1614,0.098,-0.2856,0.0,0.4471,-0.2424,0.2508,0.0,1,0
24,report,neutral,24,1.3077,0.0,0.1866,0.0304,1.1211,-0.5685,0.5713,0.0,1,0
24,exit,neutral,24,1.1463,0.0,0.4722,0.0002,0.6741,-0.3834,0.3958,0.0,1,0
24,true,neutral,24,0.7436,0.0,0.391,0.0,0.3526,-0.2589,0.2577,0.0036,1,0
24,enact,enact_norecord,24,1.3465,0.0,-0.4973,0.0006,1.8438,-0.7973,0.7854,0.0,1,0
24,enact_norecord,neutral,24,-0.3507,0.0112,0.7379,0.0002,-1.0886,-0.5633,0.5571,0.0,1,0
25,enact,report,24,-0.3156,0.0002,0.054,0.0006,-0.3696,-0.2051,0.2065,0.0002,1,0
25,enact,exit,24,-0.0728,0.2226,-0.2317,0.0,0.1589,-0.1445,0.1404,0.0284,1,0
25,enact,true,24,0.1527,0.1386,-0.1504,0.0132,0.3032,-0.2524,0.244,0.0166,1,0
25,enact,neutral,24,1.1491,0.0,0.2406,0.0086,0.9086,-0.4653,0.4515,0.0,1,0
25,report,exit,24,0.2428,0.0174,-0.2856,0.0,0.5285,-0.2743,0.2741,0.0,1,0
25,report,neutral,24,1.4647,0.0,0.1866,0.0362,1.2782,-0.6086,0.6164,0.0,1,0
25,exit,neutral,24,1.2219,0.0,0.4722,0.0,0.7497,-0.4253,0.4089,0.0,1,0
25,true,neutral,24,0.9964,0.0,0.391,0.0004,0.6054,-0.3276,0.3301,0.0,1,0
25,enact,enact_norecord,24,1.1855,0.0,-0.4973,0.0004,1.6829,-0.7286,0.7488,0.0,1,0
25,enact_norecord,neutral,24,-0.0364,0.7616,0.7379,0.0002,-0.7743,-0.5019,0.4982,0.0016,1,0
26,enact,report,24,-0.0254,0.8408,0.054,0.0,-0.0794,-0.2328,0.2328,0.5236,0,0
26,enact,exit,24,-0.3538,0.0,-0.2317,0.0,-0.1221,-0.1313,0.1364,0.0752,0,0
26,enact,true,24,0.417,0.004,-0.1504,0.0156,0.5674,-0.3172,0.3184,0.0,1,0
26,enact,neutral,24,1.5039,0.0,0.2406,0.0084,1.2633,-0.5482,0.5451,0.0,1,0
26,report,exit,24,-0.3283,0.0126,-0.2856,0.0,-0.0427,-0.2269,0.2315,0.7236,0,0
26,report,neutral,24,1.5293,0.0,0.1866,0.035,1.3428,-0.5912,0.6139,0.0,1,0
26,exit,neutral,24,1.8577,0.0,0.4722,0.0,1.3855,-0.6012,0.5877,0.0,1,0
26,true,neutral,24,1.0869,0.0,0.391,0.0002,0.6959,-0.3556,0.3507,0.0,1,0
26,enact,enact_norecord,24,1.3221,0.0,-0.4973,0.0014,1.8194,-0.7937,0.8344,0.0,1,0
26,enact_norecord,neutral,24,0.1818,0.124,0.7379,0.0008,-0.5561,-0.4045,0.4054,0.0042,1,0
27,enact,report,24,0.2,0.1208,0.054,0.0006,0.146,-0.2325,0.2347,0.2242,0,0
27,enact,exit,24,-0.3273,0.0,-0.2317,0.0,-0.0956,-0.1245,0.1245,0.1442,0,0
27,enact,true,24,0.4581,0.0024,-0.1504,0.0138,0.6085,-0.3546,0.3657,0.0,1,0
27,enact,neutral,24,1.8505,0.0,0.2406,0.0098,1.61,-0.7033,0.6731,0.0,1,0
27,report,exit,24,-0.5272,0.0006,-0.2856,0.0,-0.2416,-0.2611,0.2583,0.0714,0,0
27,report,neutral,24,1.6506,0.0,0.1866,0.0342,1.464,-0.6649,0.6594,0.0,1,0
27,exit,neutral,24,2.1778,0.0,0.4722,0.0,1.7056,-0.7135,0.7128,0.0,1,0
27,true,neutral,24,1.3924,0.0,0.391,0.0002,1.0014,-0.4648,0.4487,0.0,1,0
27,enact,enact_norecord,24,1.2593,0.0,-0.4973,0.0,1.7566,-0.786,0.7913,0.0,1,0
27,enact_norecord,neutral,24,0.5912,0.0,0.7379,0.001,-0.1466,-0.3313,0.3409,0.4108,0,0
28,enact,report,24,0.2274,0.0562,0.054,0.0006,0.1734,-0.2314,0.2297,0.1428,0,0
28,enact,exit,24,-0.3715,0.0,-0.2317,0.0,-0.1398,-0.1509,0.1477,0.0672,0,0
28,enact,true,24,0.2538,0.0278,-0.1504,0.0124,0.4043,-0.2751,0.2807,0.002,1,0
28,enact,neutral,24,1.452,0.0,0.2406,0.0112,1.2115,-0.5336,0.5233,0.0,1,0
28,report,exit,24,-0.5989,0.0,-0.2856,0.0,-0.3132,-0.2583,0.2496,0.0156,1,0
28,report,neutral,24,1.2247,0.0,0.1866,0.0362,1.0381,-0.5015,0.4999,0.0,1,0
28,exit,neutral,24,1.8236,0.0,0.4722,0.0002,1.3513,-0.585,0.5848,0.0,1,0
28,true,neutral,24,1.1982,0.0,0.391,0.0002,0.8072,-0.409,0.4052,0.0,1,0
28,enact,enact_norecord,24,0.6901,0.0,-0.4973,0.001,1.1875,-0.5841,0.5825,0.0,1,0
28,enact_norecord,neutral,24,0.7619,0.0,0.7379,0.0004,0.024,-0.3301,0.3265,0.8918,0,0
29,enact,report,24,0.3367,0.022,0.054,0.0004,0.2828,-0.2981,0.3028,0.0624,0,0
29,enact,exit,24,-0.3722,0.0,-0.2317,0.0,-0.1405,-0.1732,0.1822,0.138,0,0
29,enact,true,24,0.6655,0.0002,-0.1504,0.0156,0.8159,-0.437,0.4512,0.0,1,0
29,enact,neutral,24,2.1404,0.0,0.2406,0.0124,1.8999,-0.8041,0.8072,0.0,1,0
29,report,exit,24,-0.7089,0.0002,-0.2856,0.0,-0.4233,-0.3436,0.3349,0.0084,1,0
29,report,neutral,24,1.8037,0.0,0.1866,0.0314,1.6171,-0.6998,0.7327,0.0,1,0
29,exit,neutral,24,2.5126,0.0,0.4722,0.0002,2.0404,-0.8441,0.8369,0.0,1,0
29,true,neutral,24,1.475,0.0,0.391,0.0002,1.084,-0.4752,0.4898,0.0,1,0
29,enact,enact_norecord,24,1.4896,0.0,-0.4973,0.0006,1.987,-0.9074,0.8566,0.0,1,0
29,enact_norecord,neutral,24,0.6508,0.0002,0.7379,0.0004,-0.0871,-0.3642,0.3614,0.6476,0,0
30,enact,report,24,0.0425,0.7668,0.054,0.0004,-0.0115,-0.2653,0.2679,0.9354,0,0
30,enact,exit,24,-0.6358,0.0,-0.2317,0.0,-0.4041,-0.2316,0.2345,0.0,1,0
30,enact,true,24,0.322,0.0452,-0.1504,0.0194,0.4725,-0.3741,0.3756,0.0128,1,0
30,enact,neutral,24,1.725,0.0,0.2406,0.0082,1.4844,-0.6789,0.6875,0.0,1,0
30,report,exit,24,-0.6783,0.0,-0.2856,0.0,-0.3926,-0.3154,0.3198,0.0148,1,0
30,report,neutral,24,1.6825,0.0,0.1866,0.0296,1.4959,-0.6864,0.6988,0.0,1,0
30,exit,neutral,24,2.3608,0.0,0.4722,0.0,1.8885,-0.7868,0.7876,0.0,1,0
30,true,neutral,24,1.4029,0.0,0.391,0.0002,1.0119,-0.4966,0.5082,0.0,1,0
30,enact,enact_norecord,24,1.6014,0.0,-0.4973,0.0006,2.0988,-0.9172,0.8854,0.0,1,0
30,enact_norecord,neutral,24,0.1235,0.413,0.7379,0.0002,-0.6144,-0.4268,0.4148,0.0026,1,0
31,enact,report,24,0.1032,0.5072,0.054,0.0002,0.0492,-0.302,0.3073,0.7604,0,0
31,enact,exit,24,-0.4662,0.0,-0.2317,0.0,-0.2345,-0.171,0.1776,0.0056,1,0
31,enact,true,24,0.3281,0.0748,-0.1504,0.013,0.4786,-0.4075,0.396,0.0178,1,0
31,enact,neutral,24,2.0999,0.0,0.2406,0.0094,1.8593,-0.8089,0.7921,0.0,1,0
31,report,exit,24,-0.5693,0.0024,-0.2856,0.0,-0.2837,-0.3199,0.3471,0.0984,0,0
31,report,neutral,24,1.9967,0.0,0.1866,0.0372,1.8101,-0.8157,0.8276,0.0,1,0
31,exit,neutral,24,2.566,0.0,0.4722,0.0,2.0938,-0.8774,0.8904,0.0,1,0
31,true,neutral,24,1.7717,0.0,0.391,0.0,1.3807,-0.6204,0.6256,0.0,1,0
31,enact,enact_norecord,24,1.9012,0.0,-0.4973,0.001,2.3985,-0.9741,0.9892,0.0,1,0
31,enact_norecord,neutral,24,0.1987,0.1898,0.7379,0.0002,-0.5392,-0.3798,0.3805,0.0032,1,0
32,enact,report,24,0.0817,0.5646,0.054,0.0004,0.0278,-0.2725,0.2693,0.8458,0,0
32,enact,exit,24,-0.3144,0.0,-0.2317,0.0,-0.0827,-0.1497,0.1502,0.3158,0,0
32,enact,true,24,0.5276,0.0114,-0.1504,0.0168,0.6781,-0.4817,0.4704,0.0046,1,0
32,enact,neutral,24,2.0418,0.0,0.2406,0.011,1.8013,-0.7821,0.7736,0.0,1,0
32,report,exit,24,-0.3961,0.0186,-0.2856,0.0,-0.1105,-0.2898,0.2799,0.4662,0,0
32,report,neutral,24,1.9601,0.0,0.1866,0.0352,1.7735,-0.76,0.7932,0.0,1,0
32,exit,neutral,24,2.3562,0.0,0.4722,0.0,1.884,-0.784,0.7685,0.0,1,0
32,true,neutral,24,1.5142,0.0,0.391,0.0,1.1232,-0.5246,0.5399,0.0,1,0
32,enact,enact_norecord,24,1.5202,0.0,-0.4973,0.0004,2.0176,-0.8576,0.8851,0.0,1,0
32,enact_norecord,neutral,24,0.5216,0.003,0.7379,0.0004,-0.2163,-0.3186,0.3062,0.1792,0,0
33,enact,report,24,0.131,0.3454,0.054,0.0004,0.077,-0.2687,0.2705,0.583,0,0
33,enact,exit,24,-0.4279,0.0,-0.2317,0.0,-0.1962,-0.1734,0.1773,0.0266,1,0
33,enact,true,24,0.6839,0.0028,-0.1504,0.014,0.8343,-0.5319,0.5447,0.0016,1,0
33,enact,neutral,24,1.9179,0.0,0.2406,0.0094,1.6773,-0.7636,0.7613,0.0,1,0
33,report,exit,24,-0.5589,0.0002,-0.2856,0.0,-0.2733,-0.3006,0.3084,0.0836,0,0
33,report,neutral,24,1.7869,0.0,0.1866,0.032,1.6003,-0.6878,0.7072,0.0,1,0
33,exit,neutral,24,2.3458,0.0,0.4722,0.0,1.8735,-0.7956,0.7796,0.0,1,0
33,true,neutral,24,1.234,0.0,0.391,0.0,0.843,-0.4611,0.4923,0.0006,1,0
33,enact,enact_norecord,24,1.5892,0.0,-0.4973,0.0008,2.0865,-0.9412,0.8941,0.0,1,0
33,enact_norecord,neutral,24,0.3287,0.0566,0.7379,0.0,-0.4092,-0.3681,0.3656,0.0246,1,0
34,enact,report,24,0.0823,0.525,0.054,0.0006,0.0284,-0.2393,0.2385,0.826,0,0
34,enact,exit,24,-0.357,0.0,-0.2317,0.0,-0.1253,-0.1767,0.1768,0.1822,0,0
34,enact,true,24,0.6506,0.0012,-0.1504,0.0162,0.801,-0.4897,0.4955,0.0006,1,0
34,enact,neutral,24,1.7714,0.0,0.2406,0.0096,1.5309,-0.6845,0.6864,0.0,1,0
34,report,exit,24,-0.4393,0.0052,-0.2856,0.0,-0.1536,-0.2865,0.2759,0.3016,0,0
34,report,neutral,24,1.6891,0.0,0.1866,0.032,1.5025,-0.6875,0.6919,0.0,1,0
34,exit,neutral,24,2.1284,0.0,0.4722,0.0,1.6562,-0.7085,0.684,0.0,1,0
34,true,neutral,24,1.1209,0.0,0.391,0.0,0.7299,-0.4191,0.4205,0.0002,1,0
34,enact,enact_norecord,24,1.3101,0.0,-0.4973,0.0,1.8074,-0.8055,0.8459,0.0,1,0
34,enact_norecord,neutral,24,0.4613,0.0036,0.7379,0.0004,-0.2765,-0.3214,0.3293,0.107,0,0
35,enact,report,24,-0.0328,0.7748,0.054,0.0004,-0.0868,-0.2265,0.2221,0.4688,0,0
35,enact,exit,24,-0.383,0.0,-0.2317,0.0,-0.1513,-0.1667,0.1638,0.0836,0,0
35,enact,true,24,0.5167,0.0104,-0.1504,0.0114,0.6671,-0.4351,0.453,0.0024,1,0
35,enact,neutral,24,1.6799,0.0,0.2406,0.0084,1.4393,-0.6597,0.6743,0.0,1,0
35,report,exit,24,-0.3502,0.0082,-0.2856,0.0,-0.0645,-0.2255,0.234,0.589,0,0
35,report,neutral,24,1.7127,0.0,0.1866,0.0324,1.5261,-0.6951,0.6732,0.0,1,0
35,exit,neutral,24,2.0629,0.0,0.4722,0.0,1.5907,-0.6665,0.6629,0.0,1,0
35,true,neutral,24,1.1632,0.0,0.391,0.0,0.7722,-0.4285,0.4478,0.0002,1,0
35,enact,enact_norecord,24,1.4859,0.0,-0.4973,0.0,1.9833,-0.8783,0.8978,0.0,1,0
35,enact_norecord,neutral,24,0.194,0.1362,0.7379,0.0004,-0.5439,-0.3836,0.3783,0.0038,1,0
36,enact,report,24,-0.0623,0.592,0.054,0.0006,-0.1163,-0.2221,0.2317,0.3208,0,0
36,enact,exit,24,-0.3048,0.0,-0.2317,0.0,-0.0732,-0.1599,0.1546,0.3778,0,0
36,enact,true,24,0.5439,0.0034,-0.1504,0.0184,0.6943,-0.4346,0.4314,0.001,1,0
36,enact,neutral,24,1.5519,0.0,0.2406,0.0104,1.3113,-0.5999,0.5869,0.0,1,0
36,report,exit,24,-0.2425,0.0576,-0.2856,0.0,0.0431,-0.227,0.2197,0.7164,0,0
36,report,neutral,24,1.6142,0.0,0.1866,0.032,1.4276,-0.6486,0.629,0.0,1,0
36,exit,neutral,24,1.8567,0.0,0.4722,0.0,1.3845,-0.6058,0.5837,0.0,1,0
36,true,neutral,24,1.008,0.0,0.391,0.0,0.617,-0.4013,0.4,0.0012,1,0
36,enact,enact_norecord,24,1.1828,0.0,-0.4973,0.0012,1.6801,-0.743,0.7719,0.0,1,0
36,enact_norecord,neutral,24,0.3691,0.0104,0.7379,0.0002,-0.3688,-0.3547,0.3587,0.042,1,0
37,enact,report,24,-0.0032,0.9756,0.054,0.0004,-0.0572,-0.2059,0.2033,0.6102,0,0
37,enact,exit,24,-0.2441,0.0002,-0.2317,0.0,-0.0124,-0.1663,0.1672,0.8916,0,0
37,enact,true,24,0.4302,0.0192,-0.1504,0.0156,0.5806,-0.4053,0.4096,0.0038,1,0
37,enact,neutral,24,1.806,0.0,0.2406,0.0082,1.5655,-0.6928,0.6843,0.0,1,0
37,report,exit,24,-0.2409,0.0384,-0.2856,0.0,0.0447,-0.2062,0.2109,0.6998,0,0
37,report,neutral,24,1.8092,0.0,0.1866,0.0352,1.6226,-0.6978,0.6959,0.0,1,0
37,exit,neutral,24,2.0501,0.0,0.4722,0.0002,1.5779,-0.6588,0.6739,0.0,1,0
37,true,neutral,24,1.3759,0.0,0.391,0.0002,0.9849,-0.5267,0.5234,0.0002,1,0
37,enact,enact_norecord,24,1.2783,0.0,-0.4973,0.0006,1.7756,-0.7777,0.7845,0.0,1,0
37,enact_norecord,neutral,24,0.5277,0.0,0.7379,0.0004,-0.2101,-0.3497,0.3469,0.246,0,0
38,enact,report,24,0.0084,0.9198,0.054,0.001,-0.0455,-0.1715,0.1794,0.6198,0,0
38,enact,exit,24,-0.2116,0.0006,-0.2317,0.0,0.0201,-0.1511,0.1531,0.7994,0,0
38,enact,true,24,0.1982,0.1788,-0.1504,0.0174,0.3486,-0.3139,0.3138,0.0324,1,0
38,enact,neutral,24,1.5747,0.0,0.2406,0.0074,1.3341,-0.5823,0.6048,0.0,1,0
38,report,exit,24,-0.22,0.0278,-0.2856,0.0,0.0657,-0.1928,0.1842,0.5158,0,0
38,report,neutral,24,1.5663,0.0,0.1866,0.0312,1.3797,-0.6031,0.6043,0.0,1,0
38,exit,neutral,24,1.7863,0.0,0.4722,0.0,1.314,-0.5656,0.5839,0.0,1,0
38,true,neutral,24,1.3765,0.0,0.391,0.0,0.9855,-0.5309,0.5189,0.0002,1,0
38,enact,enact_norecord,24,1.0191,0.0,-0.4973,0.0012,1.5164,-0.6623,0.6863,0.0,1,0
38,enact_norecord,neutral,24,0.5556,0.002,0.7379,0.0006,-0.1823,-0.3482,0.3452,0.3142,0,0
39,enact,report,24,0.0042,0.9552,0.054,0.0002,-0.0498,-0.1514,0.1486,0.5388,0,0
39,enact,exit,24,-0.1664,0.0186,-0.2317,0.0,0.0653,-0.1585,0.1552,0.4482,0,0
39,enact,true,24,0.2338,0.0644,-0.1504,0.014,0.3842,-0.3011,0.3185,0.0144,1,0
39,enact,neutral,24,1.2267,0.0,0.2406,0.0098,0.9862,-0.4723,0.4714,0.0,1,0
39,report,exit,24,-0.1706,0.0968,-0.2856,0.0,0.115,-0.1897,0.1957,0.2632,0,0
39,report,neutral,24,1.2225,0.0,0.1866,0.0368,1.0359,-0.4649,0.4639,0.0,1,0
39,exit,neutral,24,1.3931,0.0,0.4722,0.0002,0.9209,-0.4448,0.435,0.0,1,0
39,true,neutral,24,0.9929,0.0,0.391,0.0,0.6019,-0.389,0.3819,0.0026,1,0
39,enact,enact_norecord,24,0.8771,0.0,-0.4973,0.0002,1.3745,-0.6053,0.619,0.0,1,0
39,enact_norecord,neutral,24,0.3496,0.0142,0.7379,0.0,-0.3883,-0.3899,0.3755,0.0466,1,0
40,enact,report,24,0.0484,0.5572,0.054,0.0012,-0.0056,-0.1399,0.1402,0.9464,0,0
40,enact,exit,24,-0.1704,0.0022,-0.2317,0.0,0.0613,-0.1428,0.1397,0.42,0,0
40,enact,true,24,0.1271,0.173,-0.1504,0.0172,0.2775,-0.2405,0.2466,0.0222,1,0
40,enact,neutral,24,0.9981,0.0,0.2406,0.012,0.7576,-0.398,0.4005,0.0,1,0
40,report,exit,24,-0.2187,0.0154,-0.2856,0.0,0.0669,-0.1742,0.1757,0.4694,0,0
40,report,neutral,24,0.9498,0.0,0.1866,0.0324,0.7632,-0.3836,0.3903,0.0,1,0
40,exit,neutral,24,1.1685,0.0,0.4722,0.0,0.6963,-0.3828,0.3775,0.0,1,0
40,true,neutral,24,0.871,0.0,0.391,0.0,0.48,-0.3452,0.3438,0.0054,1,0
40,enact,enact_norecord,24,0.4544,0.0,-0.4973,0.0002,0.9517,-0.4691,0.4695,0.0,1,0
40,enact_norecord,neutral,24,0.5437,0.0006,0.7379,0.0002,-0.1942,-0.3522,0.3539,0.2906,0,0
41,enact,report,24,0.2885,0.0,0.054,0.0002,0.2345,-0.1673,0.1643,0.004,1,0
41,enact,exit,24,-0.3637,0.0,-0.2317,0.0,-0.132,-0.1483,0.1464,0.0836,0,0
41,enact,true,24,-0.07,0.4138,-0.1504,0.0158,0.0804,-0.2134,0.2134,0.463,0,0
41,enact,neutral,24,0.7372,0.0,0.2406,0.0096,0.4966,-0.3151,0.32,0.0008,1,0
41,report,exit,24,-0.6522,0.0,-0.2856,0.0,-0.3665,-0.2203,0.2277,0.0,1,0
41,report,neutral,24,0.4487,0.0046,0.1866,0.0312,0.2621,-0.2808,0.2787,0.0676,0,0
41,exit,neutral,24,1.1008,0.0,0.4722,0.0,0.6286,-0.3806,0.3807,0.0006,1,0
41,true,neutral,24,0.8072,0.0,0.391,0.0,0.4162,-0.3503,0.3456,0.0142,1,0
41,enact,enact_norecord,24,0.1728,0.1268,-0.4973,0.0006,0.6701,-0.3958,0.3728,0.0002,1,0
41,enact_norecord,neutral,24,0.5644,0.0022,0.7379,0.0008,-0.1735,-0.3729,0.3697,0.3746,0,0
